id,first_name,last_name,city,street,email
1,Cyb,Goseling,Ljubovija,425,cgoseling0@simplemachines.org
2,Hill,Greaser,Guohe,69,hgreaser1@networksolutions.com
3,Olin,Coggings,Da’ao,02,ocoggings2@hc360.com
4,Dimitri,Knapton,Escuintla,3782,dknapton3@fastcompany.com
5,Alejoa,Pimblett,Kostel,921,apimblett4@time.com
6,Wilfred,Huscroft,New York City,6,whuscroft5@wsj.com
7,Lezlie,Pharoah,Malvern,01,lpharoah6@list-manage.com
8,Maggy,Cicullo,Donnycarney,2,mcicullo7@tmall.com
9,Malory,Slobom,Pingtian,04,mslobom8@digg.com
10,Jaimie,Kersley,Žabčice,630,jkersley9@toplist.cz